x_0,x_1,x_2,x_3,x_4,x_5,x_6,x_7,x_8,x_9,x_10,x_11,x_12,x_13,x_14,x_15,x_16,x_17,x_18,x_19,x_20,x_21,x_22,x_23,x_24,x_25,x_26,x_27,x_28,x_29,x_30,x_31,x_32,x_33,x_34,x_35,x_36,x_37,x_38,x_39,x_40,x_41,x_42,x_43,x_44,x_45,x_46,x_47,x_48,x_49,x_50,x_51,x_52,x_53,x_54,x_55,x_56,x_57,x_58,x_59,x_60,x_61,x_62,x_63,x_64,x_65,x_66,x_67,x_68,x_69,x_70,x_71,x_72,x_73,x_74,x_75,x_76,x_77,x_78,x_79,x_80,x_81,x_82,x_83,x_84,x_85,x_86,x_87,x_88,x_89,x_90,x_91,x_92,x_93,x_94,x_95,x_96,x_97,x_98,x_99,x_100,x_101,x_102,x_103,x_104,x_105,x_106,x_107,x_108,x_109,x_110,x_111,x_112,x_113,x_114,x_115,x_116,x_117,x_118,x_119,x_120,x_121,x_122,x_123,x_124,x_125,x_126,x_127
-0.122398615,0.18718693,-0.31018636,0.14912324,-0.091191314,-0.08936408,-0.042429265,0.12355607,0.013765298,-0.19868475,0.14828913,0.039616514,0.06065568,-0.10503716,-0.3328052,-0.2316335,-0.13792673,-0.17258286,-0.040502597,-0.21685277,-0.103663586,-0.124110386,-0.17391756,0.0016201385,0.072592616,-0.014213629,0.009628386,-0.08822964,0.12821619,0.17269528,0.06146167,-0.064532645,0.117931046,-0.04195906,0.22773664,-0.11988243,0.018490175,-0.025785364,-0.14995484,-0.0731887,-0.17537224,0.29203165,-0.0154759735,-0.04723646,-0.37684262,0.21367487,0.009239091,0.032913335,0.2944271,-0.08948247,-0.16513847,0.08520421,-0.15468696,0.08011716,-0.10378881,-0.115837716,0.0716372,0.161679,-0.059394903,-0.13995746,0.0428934,0.079140805,-0.10204004,0.00047826616,0.019807847,0.19698915,0.33710605,-0.02808354,0.20979962,-0.03990621,0.32589906,-0.121718615,-0.01940209,-0.11564226,0.25353464,0.13853092,-0.016367769,-0.023300909,-0.031982496,0.11096162,-0.5314227,-0.18926078,0.1300399,-0.04466286,-0.056618735,0.30572125,0.07287617,-0.021682156,-0.022776594,0.16114162,-0.03272184,0.18930437,0.06748571,-0.23250487,0.087911956,-0.29107097,-0.07683116,0.1649236,-0.009138657,0.25829852,-0.10267542,-0.031223385,-0.13566794,-0.025622604,-0.22581907,-0.021508986,-0.23190331,6.199449e-06,0.17257543,-0.34590885,-0.3794414,-0.032645237,0.47919708,-0.11275401,0.3470067,-0.02435561,-0.2902886,-0.2263545,-0.17142141,0.19954698,-0.03270641,-0.21209933,0.04758929,-0.042626075,-0.1989594,0.14206143,0.031852067,0.2101707
0.122244984,-0.083569266,-0.28906408,0.24555527,-0.15397663,-0.048194896,0.053973045,0.20838542,-0.0999307,0.01050305,-0.12941481,0.30969054,-0.05380881,-0.058564555,-0.10211677,0.1304253,-0.11719505,0.041305527,0.23252104,-0.1901108,-0.1355121,-0.36902606,-0.06649941,0.08577869,0.09035345,-0.15791087,-0.047480725,0.032941993,0.061489996,0.09743137,0.11203193,-0.15845193,-0.08942951,0.10926277,0.15649821,-0.10899637,0.06806208,-0.16852523,-0.13697284,-0.0905803,0.032766383,0.16558993,0.07501313,0.37101573,-0.43928882,-0.08150077,-0.065824874,-0.023002863,0.4752397,0.062396005,-0.33857518,0.12205714,-0.17189072,0.10548508,-0.19764264,-0.091526136,-0.06533408,0.14944316,0.028516633,-0.034285493,-0.025158895,0.10373567,-0.08043954,-0.062876575,-0.069292195,0.32193923,0.40291288,-0.09894973,0.06593901,-0.2895264,0.11435425,0.054630034,0.108459726,-0.018297374,0.05081863,0.026084322,0.06256537,0.03569486,-0.10019995,0.08260082,-0.64717114,0.01821695,0.05713605,-0.006571592,0.040731527,0.5715107,0.09485096,-0.051577345,0.15591857,0.2628897,0.036635246,-0.10677733,-0.17730199,-0.4094468,0.16507709,-0.22429794,-0.16003361,0.025836831,-0.07114641,0.10791123,-0.009233859,-0.13655202,-0.1846885,-0.0027390225,-0.034569576,0.10786715,-0.28043082,0.22874698,0.27253798,-0.093183085,-0.48377413,-0.15891331,0.4531673,-0.17855828,0.2835364,0.0050964276,-0.2463338,-0.33481562,0.012481811,0.17847495,-0.0482505,0.040277198,0.09165159,-0.03230067,0.12085169,-0.02502191,-0.11081887,0.14733322
-0.061990984,-0.008823214,0.20230378,-0.015704146,0.069106415,0.14967652,-0.043243088,0.019957423,0.02151736,-0.15256645,0.07791926,-0.19903474,0.17542495,-0.23128149,-0.028376078,0.38873786,0.4187308,-0.18168367,-0.06715247,-0.10835306,0.1726565,0.31449115,0.21289988,-0.23174903,0.0013770553,-0.03937502,0.030811539,-0.02792662,0.07829679,0.021542404,0.14048174,0.14782858,-0.06348809,-0.03265797,0.117148645,-0.044537146,-0.074142225,0.27397722,-0.098863155,-0.030305568,-0.07301736,-0.2296277,-0.04256746,-0.015173634,0.18852258,0.026147436,0.12151589,0.048837442,-0.26876533,-0.008376328,0.2465895,-0.15502805,0.16608346,-0.03197725,-0.09990702,0.12558995,-0.04480491,-0.16971985,-0.12022748,0.2651573,-0.12890765,-0.1427896,0.23212463,0.15781984,-0.15159841,-0.08708386,-0.34570637,-0.2740931,-0.120069265,0.30785805,-0.14896257,0.03253319,-0.01888839,0.0037084972,0.0092546055,-0.09661101,0.02197134,-0.053649865,0.11017865,-0.10038789,0.6626188,-0.10246746,-0.011303377,-0.076226674,-0.2505017,-0.14967473,-0.26008672,0.3051032,-0.08931684,-0.3105844,0.11541565,0.05369215,0.023377012,0.3319876,0.12129886,0.22469787,0.09669419,0.053050596,-0.124492,-0.024303256,0.04354952,-0.10859143,0.06505715,0.10024726,0.08615713,-0.07323167,0.2777905,-0.124194644,-0.33975127,-0.0009763028,0.40400457,0.02182057,-0.36368057,0.22939703,-0.14330374,0.23544067,-0.14123717,0.28800476,-0.061614323,0.1639421,-0.13640597,0.22388141,0.082559496,0.32727715,0.20604782,-0.038391713,-0.085291296,-0.16069734
0.045318123,0.112902865,-0.672192,-0.065582216,-0.105345726,0.36975458,-0.11560861,-0.09460898,0.041818734,-0.028156199,0.008782052,-0.19447088,-0.20037699,0.65453553,0.025084553,-0.1301987,-0.9459085,-0.047809727,0.067311786,0.34789112,0.3448696,0.27670962,0.23706421,0.09425167,-0.07117736,0.8337669,0.32893074,0.15557942,0.17812446,-0.31878906,0.028548019,0.13107605,0.038877413,-0.09011736,-0.47667196,0.07227699,0.30776584,0.26664636,0.96332777,0.24184129,-0.3199166,-0.10403301,-0.31317708,-0.025784366,0.5256229,-0.32994184,-0.33843377,0.09820035,-0.48304155,0.21044151,0.10718623,0.04952282,-0.386351,-0.69796795,0.07920849,0.03288602,-0.13718328,0.098953076,0.22474155,0.19361787,0.099716745,-0.44133908,0.12623978,-0.026364127,-0.10880865,-0.008987992,0.12528412,0.1996238,-0.10791875,-0.023569487,-0.09167895,0.05562993,0.36203688,0.07968344,-0.05057886,-0.116608456,0.009313701,-0.029535905,0.032041065,-0.07542054,0.36566904,0.023354925,0.08779995,0.44396675,-0.2848212,-0.55257046,0.18897049,-0.035228275,0.22607303,-0.6499548,0.005032768,0.03466167,0.0768629,0.19842125,-0.13483611,0.027976178,0.13628627,-0.19418955,0.49606797,-0.07576385,0.16254954,0.014451127,0.55393654,0.06929376,-0.007018546,-0.044302925,0.00039455644,-0.17705287,-0.22781476,0.06547997,0.40538436,0.12574694,-0.78428745,-0.028818723,-0.11665525,-0.046356324,0.59979093,-0.042532798,-0.16878177,-0.04620077,0.11027895,0.03331568,-0.029967917,0.24980119,-0.059942357,-0.34526134,-0.19026886,-0.006090913
-0.058119386,-0.066762865,0.29460096,0.10807308,-0.09205135,-0.25490984,-0.023066666,0.11710479,-0.14559089,0.03680962,-0.28661168,0.05079272,-0.013990962,0.0071313162,0.102005355,-0.1043136,0.37029678,0.06023451,-0.086600974,-0.4753952,-0.23444206,-0.26053056,-0.27393848,-0.0044648605,-0.04697336,-0.35082248,-0.038178045,-0.14196013,0.08463924,0.23805358,0.019385368,0.030606396,0.06989827,0.00048845226,0.36559135,-0.123629674,0.003011767,-0.39812425,-0.7262944,-0.1771446,0.0013041698,0.14870188,-0.04286622,0.18797724,-0.60669047,0.10140264,0.12219172,-0.0603332,0.33615053,-0.067572504,-0.25943294,0.17099339,0.16457927,0.13627328,-0.20543972,-0.10289753,0.07679336,-0.11860069,-0.13079678,-0.07105629,-0.1408912,0.20456481,0.009608945,0.15955737,0.24035911,0.14611362,0.28145474,0.06671383,0.3543148,0.08526226,0.19235703,-0.084759876,-0.051329464,-0.17448552,-0.09278377,0.13642202,-0.042378042,-0.029248143,0.19143128,0.045999236,-0.51777256,-0.027095616,-0.021806765,-0.041355975,0.15847549,0.48508134,0.065969475,-0.019795224,0.2107254,0.4716583,0.05433172,0.19220984,-0.07953046,-0.122379065,0.43877488,-0.35255507,-0.07035638,0.07176874,-0.26792064,0.21631165,0.0034378807,-0.08816388,-0.33110967,-0.12399498,-0.010744643,0.02153893,-0.22173382,-0.065936185,0.12143729,-0.23718008,-0.3522271,0.19674751,0.4792947,0.006745401,0.24524674,-0.040141646,-0.48868787,-0.14287765,-0.12175673,0.087102875,-0.15015993,-0.014473073,0.179796,-0.2655608,-0.049703546,0.16602507,0.20188038,-0.07347244
-0.21841693,0.018487904,-0.61617625,-0.14012618,-0.25212836,-0.093429275,0.06366805,0.18236661,0.044820454,0.019350149,-0.16638264,0.10759688,0.0734288,-0.040987607,-0.03814436,-0.26411068,-0.58448184,0.068399996,0.21566024,0.073663615,0.075102516,-0.18416359,-0.14392634,-0.0035252029,-0.032766484,0.54313254,0.058501147,-0.018828372,0.0044341832,-0.3092425,-0.05402041,-0.15998304,-0.10011445,-0.00091477565,-0.22538587,0.15559952,0.19993758,0.08689047,0.58778816,-0.13128577,-0.07502529,-0.011536948,0.041462593,0.24376786,-0.089574024,0.090892024,-0.05021295,-0.13533463,0.30222964,-0.089393966,-0.09425513,0.15882778,-0.06734707,-0.09002394,0.042773563,-0.09303653,-0.101465166,0.11987721,-0.10035446,-0.15324154,-0.04348278,-0.12634446,-0.001683402,-0.15097344,-0.0669478,0.1290835,0.29473957,-0.06857665,0.06038686,-0.28458336,-0.103821196,0.08780735,-0.058181483,-0.14716227,0.20473334,0.063851245,-0.00843821,0.0032927282,-0.14581548,0.09205715,-0.3836984,-0.06767517,0.029145045,0.24904433,-0.21001185,-0.09210213,0.24309462,-0.057909694,0.12130603,-0.08194092,-0.002896234,-0.1683569,-0.07334177,-0.058453653,-0.05944708,-0.3362027,0.09089183,-0.15000086,0.0728035,0.0733385,-0.1750188,-0.24944118,0.20760109,-0.06904574,0.1986071,-0.10313408,-0.30723473,0.005725426,0.15758783,-0.045577887,-0.34637487,-0.08571324,0.28750533,-0.08762966,0.3284564,-0.110133,0.341051,-0.26090866,0.042778753,0.3015859,-0.1616521,0.23192765,0.0114682885,-0.14990704,0.14370541,0.03180809,-0.21292987,0.31049043
-0.001204491,0.068838246,0.64491177,0.0027399429,0.1142284,-0.051821016,-0.14561678,0.105023,-0.09278489,-0.14772668,-0.028095013,-0.18217324,-0.09169775,-0.37795612,-0.0685626,0.30824417,0.4931562,0.12656683,0.0035631715,-0.2174612,0.045984942,0.27604052,0.087509185,-0.20507585,-0.04720631,-0.76770294,-0.1536791,0.24229306,-0.01791487,0.09476561,0.0046634283,0.1931498,0.035046965,-0.23722754,0.33435538,-0.10294562,-0.3811333,-0.18843058,-0.9521005,-0.014031521,0.057965305,-0.13889395,-0.004301543,-0.010981952,-0.10025754,-0.0048659756,0.03534712,0.13835134,-0.362488,0.12190979,0.28126103,0.0052580936,0.37763762,0.43264872,-0.20272887,0.13348068,-0.07259013,-0.03729723,0.10831712,0.023373686,-0.29196817,-0.024968086,0.25525004,0.051999312,0.26926705,-0.2718241,-0.2897617,0.16286406,0.0066872155,0.08466359,-0.017493777,-0.20741461,-0.13068613,-0.08261755,-0.053799305,0.009509608,0.060856067,0.13833784,-0.20035692,0.06930876,0.45700645,-0.080784604,0.038309857,-0.47507685,0.20499344,-0.0021497547,-0.20517686,0.045056093,-0.04601433,0.34307027,-0.21027495,0.013784889,0.0983663,0.23625496,-0.09701652,0.19190861,-0.044670727,0.27742317,-0.3803606,0.03805931,0.05006482,0.1349097,-0.33382323,0.038407717,0.084885135,-0.18302806,0.2507449,-0.034688074,-0.09832424,-0.07943355,0.4254565,0.0010634987,0.013842473,0.2973295,-0.011857717,0.23306815,-0.34307536,0.3951166,-0.20940687,0.0061774496,0.028699208,0.09974973,0.12767264,0.07054502,0.08932196,0.08358788,0.14870237,-0.013994994
-0.027358558,0.055809535,0.57769865,-0.12225254,-0.18524991,-0.23054968,-0.024683699,-0.02827322,0.13395658,0.015278338,-0.08372024,-0.12489564,-0.010474586,-0.26129204,0.12887718,0.21157478,0.38115415,0.16795254,-0.06204791,0.080661744,-0.12517607,0.016152173,0.030195413,-0.009971499,0.11291371,-0.2778563,0.018722711,0.07121087,-0.027514568,0.11771853,-0.035400502,0.19581497,0.07264965,-0.16196437,0.021888802,-0.08754971,-0.11481855,-0.009769429,-0.5876994,0.17505334,0.1453811,-0.010538126,0.06856177,-0.05365933,0.014884167,-0.017696058,-0.037684653,-0.08537355,-0.023681073,0.09068469,0.15271941,-0.16102228,0.4151272,0.16468132,-0.0054230005,0.00033102153,0.060165737,0.028935675,0.06154891,-0.0989618,0.11691281,0.09632219,-0.03353708,0.19115743,-0.10645701,-0.0471509,-0.26694763,-0.17274268,0.045409974,-0.012164106,-0.009849072,0.027761105,-0.0047345352,-0.10713467,-0.16822493,0.057059105,0.0464133,0.10052967,-0.069848254,-0.1877202,0.37447822,0.111562304,-0.15770487,-0.1505612,0.11714362,-0.08658043,-0.31644297,0.02674448,0.021964056,0.1450764,-0.064601585,0.1943478,-0.1141222,0.1639364,0.056559175,0.22247916,-0.14129403,0.014352341,-0.3051914,0.07424172,0.0092918845,-0.055112273,-0.028874489,0.20510195,-0.11004441,-0.08924667,0.08629538,0.036227494,-0.21482639,0.061860755,0.26908723,-0.0029445488,0.04371052,0.054171026,0.024709819,0.11170802,-0.08327848,0.10050724,-0.00048513553,-0.03543697,0.22122383,-0.13236415,0.15452616,0.019499935,0.15947029,0.05220247,0.030523397,-0.25335068
0.3507483,-0.0073461686,0.2944584,-0.15813632,0.12193873,0.14895247,0.083482355,-0.094658114,-0.09676943,-0.0150868045,0.036365796,-0.22177452,-0.15528205,0.0262848,0.09270905,0.094422884,0.29027656,0.21571977,-0.28075817,0.2640395,-0.07015726,0.32858634,0.1399998,-0.11890793,0.12399531,0.03944932,0.16718984,0.2576,0.21763179,-0.0741944,0.27868938,0.054051384,0.0007697416,-0.120114386,-0.0942362,0.09243328,0.13728257,0.0785622,0.17782632,0.124996856,-0.084977545,-0.08722482,-0.19812834,-0.0812342,0.1623712,0.029966699,-0.081699766,-0.008193946,-0.20409851,-0.0778203,0.27333224,-0.2192004,0.1625959,-0.103676274,0.04191664,-0.02316408,0.04125931,0.13071546,-0.009225944,0.13279526,-0.03613753,-0.09317028,0.07314432,0.06509635,-0.08593054,-0.2680353,-0.3187964,0.20192467,-0.11237162,0.22190796,-0.12674847,-0.01867611,-0.06409111,0.17814729,-0.11834415,0.07508219,0.037545152,-0.1264361,-0.06710139,-0.11573575,0.6414459,-0.003158737,0.16905923,-0.20724267,-0.088573106,-0.16431819,-0.0142687755,0.16905296,-0.06843613,-0.42261332,-0.11711943,0.25646648,0.06843013,0.29333347,-0.026923956,0.27759525,0.19938637,0.056049526,-0.015781982,0.09112182,0.12103211,-0.06805352,0.1751083,0.0045367624,-0.08385523,-0.10393643,0.20142676,0.008213452,-0.16069053,0.19078374,0.27003434,-0.02931204,-0.21007031,-0.060662333,-0.3031121,0.042189207,0.10450547,-0.02129267,0.023156984,-0.060622755,0.08360915,0.021937793,-0.10303831,0.15174308,-0.08984818,-0.117192455,0.0783417,-0.26373172
-0.17636494,0.03996878,-0.7087486,0.0499429,-0.33453125,0.1286124,0.10337267,0.009808681,-0.19023551,-0.2729193,0.049440194,0.18845636,-0.18985325,0.39853898,0.08102902,-0.1687633,-0.70565647,0.022166926,0.20826863,0.43881541,0.25248525,0.031078523,0.20836142,0.05815346,-0.05368563,1.3140271,0.21158715,0.022660471,0.12322354,-0.19680472,-0.11821234,-0.16121645,0.08350763,-0.0020205586,-0.30099818,-0.0022677018,-0.0481856,0.18583626,0.9309019,0.21113624,0.044654258,0.12877408,0.015542829,-0.0051277303,0.5920838,0.066311106,-0.41194004,0.34031695,-0.39434186,0.01526793,0.06075696,0.13633598,-0.24258472,-0.6863808,0.12165931,0.067204475,-0.057678726,-0.057702284,0.094676346,0.19632608,-0.046054173,-0.34824112,0.0464129,-0.15440485,0.06557084,0.08390749,-0.13876468,0.12038732,-0.02678211,-0.22846009,0.028022384,0.014308077,0.06261666,-0.0941247,0.1222373,0.13779406,-0.029135782,-0.16777575,0.043203488,-0.06770873,0.24170443,0.0066191377,-0.14447242,0.23459053,-0.4756791,-0.37809774,0.0643647,-0.058003314,0.11447032,-0.8128634,0.01021056,-0.26511475,-0.06777276,-0.011450967,-0.19295071,0.03353714,0.1221513,0.045673843,0.47508636,-0.3232868,0.11596149,-0.05038512,0.5578526,0.15360816,0.10771789,-0.1738523,-0.0862337,0.056802325,0.10292398,0.03632911,0.13252272,-0.016349066,-0.7293162,-0.05832047,-0.2573928,-0.31924364,0.43234214,-0.25070754,0.089209475,0.12686755,-0.09024748,0.006178779,-0.20878528,-0.03963185,-0.096279174,-0.231052,-0.19744723,0.16845195
0.039068386,-0.12076972,-0.16144478,0.0035846033,0.040455908,0.041878525,-0.08268055,-0.1376811,-0.044700425,-0.059266977,-0.04168497,0.057376318,0.07799636,0.18168196,-0.09833384,-0.10464826,-0.35464007,-0.05494933,0.11127352,-0.045231096,-0.09926888,-0.24378999,-0.037923228,-0.011812974,0.18140759,0.02863425,0.007521482,0.08759758,0.082812294,0.021854013,-0.116855055,-0.07572342,0.024441225,0.12548167,0.2818814,-0.021001974,0.1385637,0.0059895967,0.026902214,0.07929426,0.04424359,-0.0041156043,0.17026448,0.3049077,-0.257887,0.14723694,-0.032943808,-0.058252353,0.33801943,0.059555545,-0.25380218,-0.112413585,0.018210495,-0.0798515,0.14787838,-0.09470708,0.028117483,0.111526825,0.091381855,-0.030587733,0.088591576,0.046283983,0.007117546,0.026910601,0.022096355,0.074427575,0.16396905,0.012757721,-0.01433041,-0.0999572,0.05031236,0.16084088,-0.09487055,0.14486805,0.09307375,-0.029846968,-0.04596656,-0.08788196,0.058439337,-0.0067083496,-0.42874336,0.015851356,-0.0029870246,0.17700572,0.22656387,0.28338954,-0.0014820152,-0.07766667,-0.013623115,0.25317663,0.009354844,-0.118976995,0.18027234,-0.31992203,-0.1098578,-0.110057324,0.026394075,-0.0658323,-0.095282935,-0.14644943,0.016562557,0.2991857,-0.05829289,0.054284375,0.14960174,-0.23894137,-0.024526604,0.082141064,0.278152,0.06577363,-0.29939473,-0.06402364,0.12297782,-0.0285876,0.07417134,-0.037036,0.08691795,-0.06602822,0.14664343,0.018421562,-0.14711751,-0.069099575,-0.0832263,-0.033233237,-0.00738211,0.1181512,0.038827945,0.10976865
0.11347454,-0.023934187,0.64052546,-0.068752445,-0.0370862,0.08542364,-0.11388,0.14486577,-0.064645514,-0.07793364,0.011435032,-0.031555068,-0.11862873,-0.1433483,0.2718755,0.25770298,0.48547056,-0.09403715,-0.32545543,0.23569323,0.08473119,0.32334206,0.26732033,-0.12645875,-0.15403368,-0.07538674,-0.016774992,0.21572514,-0.05723162,0.02697107,-0.11817315,0.15638411,0.2959475,-0.01743004,-0.0013437524,-0.07115926,-0.23098662,0.20483433,0.029790917,0.22236979,0.26593465,-0.07570606,0.009237891,-0.21011172,0.21368253,-0.06195709,-0.052528284,-0.010641957,-0.42304158,0.18255827,-0.0037332557,-0.27291167,0.4291733,0.083736196,0.22106212,0.03515108,-0.028989473,-0.16651595,0.020566013,0.01858715,-0.02513746,-0.04406896,-0.17851256,-0.014845084,-0.08642874,-0.35786828,-0.34485874,-0.036935978,0.03492283,0.2900022,-0.017047556,-0.0028895887,-0.31718218,0.058425028,-0.11376757,-0.09459515,0.04165993,0.16314404,0.1592725,0.0017153928,0.5748326,-0.10172457,0.05501,-0.13746046,-0.06091301,-0.18746686,-0.2780035,0.20129742,-0.050323043,-0.4818134,-0.09468798,-0.10290103,-0.14594354,0.28911087,-0.08818085,0.35394135,0.037656527,-0.16184726,-0.26797426,-0.3130666,0.09594658,0.053837672,-0.038318023,-0.0579207,0.08854489,0.05025779,0.25620094,0.00052065676,-0.122684374,0.03342813,0.44051728,-0.122349076,-0.2778482,0.04666943,-0.18687052,0.073963314,-0.1114883,0.35616732,-0.092606425,-0.11204346,0.18079779,0.106458165,0.09653283,0.27717626,-0.04277316,0.13240674,-0.14539942,0.06797021
0.04827771,-0.13363191,0.058159165,-0.21814919,-0.028475503,0.0311413,0.18781428,-0.0886139,0.030853767,0.15954691,0.044362262,-0.24938406,-0.05205241,-0.015053005,0.025679363,-0.010588904,-0.03067713,-0.03227329,-0.13150075,0.03492413,0.006536028,0.08393773,0.09935663,0.06198084,0.16220798,-0.21102016,-0.048117004,0.16186176,0.15375477,0.08021575,0.009623294,-0.095873974,0.01375966,0.052100983,0.12521893,-0.021191863,-0.008878894,-0.099857464,0.036222626,-0.018524898,-0.044720568,-0.047380935,-0.09455756,-0.085433036,0.056421664,0.18994401,0.040634707,0.035321772,-0.020422906,-0.014130689,0.30756682,-0.0032973909,0.03571761,-0.0013013285,0.029348295,-0.013633889,0.08827726,-0.07185557,-0.025169736,0.10495969,0.058320995,-0.096083604,0.091883466,-0.049879774,-0.013007623,-0.14319782,0.053753257,0.05919568,-0.09955395,0.06466792,-0.14000845,-0.055112667,-0.08240604,-0.009885575,0.097265534,0.0108777275,-0.03425696,-0.042180542,-0.25018126,0.08851388,0.14013344,-0.07404027,-0.025768768,-0.0917198,0.04564043,-0.025838682,-0.10347543,-0.050167892,0.0660421,-0.14917774,0.10133251,-0.07716999,-0.06698433,-0.15305082,-0.10722439,0.30750218,-0.08297129,-0.04560509,0.16526611,-0.061242748,0.10844985,-0.030081417,0.10992747,0.22296055,-0.068753876,0.07562773,0.14035952,-0.17394608,-0.004312745,0.07932815,0.23382816,-0.09477615,-0.10825178,0.22633615,-0.11087466,0.09386537,-0.056770455,0.110842265,-0.03603944,-0.05255986,-0.13039462,0.06302596,0.15872744,0.022028584,0.07263119,0.11156912,-0.18340588,-0.05615507
-0.1417255,-0.20885988,0.34931308,0.18650393,-0.090825476,-0.20428336,-0.2781202,-0.049669594,-0.11137262,-0.0062782136,-0.119494975,0.18637621,0.18497719,-0.21775326,-0.17503686,0.120530404,0.40435186,0.26806027,-0.03633238,-0.47112852,-0.2877624,-0.24432148,0.0059885383,0.024905536,-0.10508579,-0.37681863,-0.1450353,-0.14869814,-0.12605862,0.10430396,-0.1072947,-0.09213055,-0.05820589,0.15064844,0.2888832,-0.2754989,0.0918061,-0.3636732,-0.59120286,-0.16246416,-0.11139227,0.07756569,0.12247957,0.07017727,-0.48623073,-0.002778763,0.27143568,-0.24186905,0.47069436,-0.113241844,-0.22743352,0.106706694,-0.053119004,0.40336883,-0.34945476,-0.005664902,-0.12621908,0.014837064,-0.1101463,0.13645904,-0.27561724,0.38026726,-0.03934432,-0.09276784,0.073227815,0.31669068,0.24469633,-0.013652227,0.03196111,-0.045386042,0.040074594,-0.07741293,-0.0008542173,-0.056897353,0.0076168217,0.09117477,-0.23148054,0.19549999,-0.019805389,0.08311643,-0.34268612,-0.026306294,0.052039657,-0.14633667,0.41865778,0.22332363,0.10057058,-0.052967034,-0.10581361,0.46811193,0.1519573,0.16339253,-0.08771366,-0.101498514,0.23946188,-0.21699435,-0.117119454,0.02620023,-0.11594896,0.08834028,-0.035637632,0.019985357,-0.26886457,-0.29123956,-0.065916605,-0.049981266,-0.07588206,0.05733826,0.28898597,-0.100111835,-0.49202576,0.14011215,0.5561058,-0.10021817,0.17309268,0.16519259,-0.6089503,0.0143498145,0.106088996,0.054819267,-0.11167458,-0.23523866,-0.0669069,-0.21386492,-0.021792592,-0.010338057,0.00060568476,0.018201599
0.09416782,-0.04763543,0.2131819,-0.05139928,0.07699526,-0.060020976,-0.11786619,-0.0777134,0.026237387,0.038663313,0.06937143,0.25745144,0.19475064,-0.23233132,-0.16071862,0.15588388,0.44659466,-0.025271347,-0.18406615,-0.018015726,-0.37210274,-0.020403005,0.11394259,0.078103915,-0.06321365,-0.6740082,-0.15626176,-0.0825658,0.01051403,0.04472131,-0.039220046,0.059339225,0.14113715,0.21566783,0.18405305,0.003141088,-0.11123006,-0.05675254,-0.52903664,-0.060432736,0.20757683,0.094920374,0.09385602,-0.08996916,-0.22626516,0.1081128,0.14298683,0.039801598,-0.09391675,-0.08999714,-0.15193008,-0.06540241,0.31975135,0.41653112,-0.120061524,0.11137791,-0.07596811,-0.010390361,-0.07301791,0.037814483,-0.025080102,0.14425947,-0.00027284428,0.04465083,0.07710709,-0.18196811,-0.0897378,0.06792677,0.074624814,-0.036390245,0.08147352,-0.11222914,0.04340217,0.06414546,0.102317214,-0.3443348,-0.056907263,0.13884401,0.25318256,0.06649826,0.013445508,0.0054939957,0.024641344,-0.010846908,0.1293702,0.080428876,0.0029723763,-0.07912178,-0.10921438,0.47868693,-0.13911577,-0.23921438,0.040806685,0.08870711,0.21400306,0.065560676,-0.24183083,-0.032577675,-0.17530473,0.053005498,0.005854654,0.105236195,-0.11551562,-0.12543267,-0.16991477,-0.056219276,-0.038017735,-0.0016632869,0.24625523,-0.14685309,-0.09595557,0.02132383,0.34399357,-0.119794324,0.041674174,0.14195234,-0.3840092,0.18808952,-0.05267669,-0.01018511,-0.12750533,-0.15079464,0.24160244,-0.0235375,-0.14700466,0.18338087,0.094275035,-0.091495186
-0.078035235,0.006804009,0.3951796,-0.16007324,0.12429938,-0.12361689,-0.15636346,0.025432855,0.02647369,-0.1301842,0.059158813,-0.2446064,-0.1070874,0.07430694,0.23248027,0.3387556,0.26503056,-0.02084293,-0.057865538,-0.04757677,-0.20159325,0.13553414,0.16256033,0.03374527,0.04861414,0.061386842,-0.10215758,0.09845427,-0.17348777,-0.033623427,-0.01614025,0.15330596,0.29526082,0.24622451,0.037254214,-0.034638125,-0.04084835,0.23784892,-0.09355618,-0.05955326,0.03703844,-0.07715462,-0.080003984,-0.27303797,0.106531896,-0.022366218,0.0953333,-0.00096290285,-0.38289714,0.09429607,0.18478787,0.063488305,0.35245514,-0.07448337,0.3009424,0.1477853,0.05526402,-0.10401062,0.18049146,-0.026991552,0.045056794,-0.014698967,0.017981987,-0.03797893,-0.14378531,-0.19802114,-0.33761138,0.09651293,-0.14296605,0.16048546,-0.1427457,0.08857787,-0.03327901,0.2296391,0.020730149,-0.18815437,-0.053784963,0.0060224254,-0.005537227,0.12874438,0.5956152,-0.000594233,0.13222452,-0.14369074,-0.14460365,-0.39007065,-0.089300916,0.19126262,0.14020382,-0.22210631,-0.110125914,0.036381975,-0.04401981,0.27441156,0.032232784,0.09616337,-0.03865049,0.06382686,-0.11476451,0.019990161,-0.051657602,0.17582919,0.09109221,0.014188422,0.056844864,0.08451209,0.33671793,-0.14487985,-0.05574998,0.20082659,0.4593699,0.15224898,-0.2711092,0.2171441,-0.32289308,0.18860915,-0.07912857,0.1993458,-0.022251584,-0.11411182,0.1366295,0.31107318,0.08378332,0.11780433,0.06562062,0.05649303,0.117690586,-0.19227745
-0.020306708,0.24645124,-0.91795737,0.032152258,-0.11726913,0.12802239,-0.02496793,0.08613614,-0.23129278,-0.04845211,0.037113715,0.06943558,0.114456624,0.19748111,-0.09997894,-0.42267185,-0.7725081,-0.01676289,0.37923214,0.20850372,0.33769485,-0.04582686,-0.048964337,-0.058282763,0.13900733,0.9220162,0.23064016,0.0026180015,0.0988199,-0.20854867,0.10594779,-0.002063233,-0.0052915695,0.27399293,-0.35215408,0.2404671,-0.09328972,0.11275779,0.98946834,0.047376372,0.0020327023,0.15636213,-0.17480226,0.26859307,0.28775573,-0.017271712,-0.23921962,0.14026645,0.07489357,0.024350792,-0.23738599,0.032327093,-0.38058773,-0.5619313,-0.07549824,0.15778185,-0.109453745,0.055863425,-0.015106963,-0.12016702,0.24745865,-0.1384291,-0.024442222,-0.10397699,0.0613266,0.12777491,0.55650264,0.009014979,-0.06753925,-0.21982677,0.0551357,-0.12941454,0.09913218,-0.015552402,-0.2872243,0.16753739,0.011962622,-0.11770357,0.08292841,-0.12467104,-0.14385842,-0.09433174,0.098449364,0.34679443,-0.24305664,-0.25433773,-0.13939711,0.10478692,0.3247986,-0.5825467,-0.0034170737,-0.10507192,0.029566778,-0.24989332,0.22142519,-0.19028582,0.09617493,-0.14835131,0.48268282,-0.050623965,0.027849538,0.0078909,0.4582376,0.22524929,0.006671106,0.06338603,-0.18739507,-0.07918897,-0.050724242,0.14376396,0.114398144,-0.021810813,-0.31018192,0.01562852,-0.04491469,-0.21634565,0.5946665,-0.28584036,0.13005458,0.16194487,-0.0701022,0.1564477,-0.2736804,-0.091126636,-0.17637467,0.012767376,0.01444452,0.13573095
0.15913738,0.072151415,0.19137813,0.04603605,0.0846469,-0.02433847,0.07323022,0.10141982,0.1473682,-0.19832137,-0.029178375,0.019761875,-0.0039254394,0.018251128,0.053487148,0.027800616,0.1648659,-0.014933666,-0.21956366,0.19673315,0.060168914,0.15753604,0.019496508,-0.016158093,-0.12938367,-0.18546927,0.050780863,-0.05441552,-0.107074685,-0.021458277,-0.034356836,-0.014518999,-0.03253004,0.052705992,0.054962184,-0.1744655,0.046844237,0.05458671,-0.01588374,-0.039171215,-0.15192385,-0.07636563,-0.13401474,-0.121679865,0.051481336,0.0076833297,-0.11669036,-0.053102434,-0.037399724,0.06006211,0.25450438,0.09678636,0.22316708,0.18291536,-0.12755126,-0.03438461,0.097652376,0.0027257185,0.02293299,-0.032884303,-0.022043495,0.09287168,-0.14374186,0.044914965,0.06162348,-0.14614685,0.0758065,0.0009327693,-0.14351125,0.31281438,-0.027341211,-0.013657758,0.19506079,0.1339986,0.0040898956,-0.12815589,0.17018622,-0.045972705,-0.004219837,-0.07851765,0.21589522,-0.15669876,0.0009907556,0.046890695,-0.07802594,-0.21006863,-0.023715237,0.143195,0.14286485,0.022296188,0.010354271,-0.0930299,-0.0034534065,0.19959947,0.0394022,0.013550503,-0.031019235,0.10759336,0.016965829,0.2577576,-0.112127386,0.10181158,-0.096058145,0.07752915,-0.01998559,0.19153681,0.05580113,-0.21270065,-0.066756815,0.20121598,0.19164199,0.017476888,-0.035133425,0.091254845,-0.0040484057,0.11332724,0.13333842,0.13907234,0.14607328,0.15771927,0.04667078,-0.037279133,0.09985668,0.12012201,0.16880186,0.10416853,-0.113213256,-0.17499079
0.06710104,0.100990824,-0.42946127,-0.18552396,-0.014515913,0.07299195,0.041153487,-0.14852493,0.052405424,0.16302685,-0.044364825,-0.10631953,-0.011752293,0.2831843,0.05122084,-0.001013958,-0.32367206,0.23748952,0.007079608,0.4716763,0.1760347,0.12289862,0.17131467,0.08202014,-0.08929276,0.43259308,0.040257584,0.012727725,0.14027572,-0.18687797,-0.14492188,-0.02442367,-0.059418272,0.20641482,-0.07475578,0.31804612,0.03510212,0.058557812,0.61255795,-0.0017071802,-0.20462476,-0.0020148505,-0.26238507,-0.21944417,0.47070885,-0.1809468,-0.10307912,0.0041577523,-0.42616305,0.08970423,0.21102977,0.02788101,-0.16272973,-0.42248514,0.13090453,0.07234826,-0.21299455,-0.077897,-0.041102033,0.07049087,-0.14826117,-0.08897485,0.047115277,-0.040953424,-0.0357539,-0.26697168,-0.18609577,0.10681684,-0.20720315,0.01011021,0.02170392,0.09870374,0.07475647,0.06488491,0.09143147,0.049422506,-0.08584611,-0.08288018,-0.06976296,-0.27271807,0.4096234,0.07697041,0.038675312,0.102794215,-0.24692804,-0.28214464,-0.13655983,0.17874162,0.17883636,-0.2721667,0.07396994,-0.122342646,-0.14009653,-0.13635539,-0.018926138,0.38080338,0.042916153,0.112209626,0.31196603,-0.26985282,0.1071109,-0.12793863,0.31410983,0.04374467,-0.0603732,-0.06623264,0.08964608,-0.0037608517,-0.21554899,0.1808395,0.38150793,0.25588763,-0.42940107,0.11925352,-0.13050266,0.034071755,0.5201683,0.0010529384,-0.10290591,-0.02646468,0.17005041,0.12357653,-0.06995958,0.13235603,0.1668244,-0.24451634,-0.15270856,-0.13825993
0.106224775,0.011249876,0.33322,-0.14074272,0.23334861,-0.11639838,-0.04393364,-0.027369155,-0.18157686,-0.16498889,-0.030123811,-0.24746566,-0.23924683,-0.098914385,0.022376705,0.24520896,0.14359985,-0.16911477,-0.20068592,0.27778122,0.12179897,0.3042929,0.214916,0.011224421,0.13159761,0.024360023,0.082950555,0.031399164,0.020430071,-0.16632129,0.14310127,-0.01409254,0.03491583,-0.15780145,-0.036861453,-0.119641356,0.005467143,0.20491712,-0.08567342,-0.0090597505,0.0737942,-0.22928193,-0.20708473,-0.2136058,0.16424268,0.25321844,-0.08098799,-0.044111654,-0.5341545,0.23673691,0.37924257,-0.010875859,0.07340231,-0.079167336,0.031784587,0.071438566,0.00875807,-0.03329861,0.07736507,0.022058008,-0.051638294,0.12749912,-0.037019007,0.21980566,-0.100074254,-0.26357484,-0.24200189,0.025596133,-0.19346985,0.113509335,-0.06345796,0.18363504,0.09015685,0.048575733,-0.19807895,-0.024045391,-0.121316485,-0.03536478,-0.13237885,-0.12148985,0.6341518,-0.031215472,0.14920858,-0.021878112,-0.009575195,-0.36425918,0.038289405,0.32142296,0.01175971,-0.43099862,0.1199655,-0.12050424,0.062452447,0.23679723,-0.17078438,0.37852493,0.10958225,0.024609787,-0.20420194,-0.1261354,-0.05999611,0.012874159,0.038586784,-0.08954312,-0.015184352,0.084225595,0.34200683,-0.076920815,-0.13664709,0.13433716,0.5624693,0.3959914,-0.2896306,0.06937828,-0.10622574,0.055157397,0.27586883,0.2264877,-0.044003632,-0.06809572,0.26174474,0.3383824,0.13358995,0.1522106,0.052990563,-0.09796017,-0.13786952,-0.1515213
-0.08703445,0.061302036,-0.4358225,0.053131226,-0.16457717,0.113713786,-0.07519906,-0.067972764,-0.047446914,0.072954915,0.08848917,-0.0048314473,-0.12382519,0.3868963,0.09642899,-0.22100988,-0.5482115,0.019293403,-0.055846784,0.34207684,0.15762556,0.30572534,0.0446117,-0.11348304,0.02212647,0.81718504,0.23357078,0.008427039,0.08196691,-0.08344602,0.23805185,-0.062639706,0.12871175,-0.14451697,-0.47627977,0.20047171,0.3104834,0.14045943,0.74665624,-0.051086504,-0.049663387,-0.08173833,-0.006818263,-0.18995537,0.6190785,-0.08822533,-0.20976523,0.19032043,-0.5664729,-0.020539666,0.11168504,0.042172626,-0.25333223,-0.6953727,0.26202846,0.05425185,-0.19527705,0.055986263,-0.009559241,-0.17158009,-0.17407927,-0.22203048,-0.15258853,-0.3200091,-0.03239401,-0.2378409,-0.046697948,0.13659589,0.027830293,-0.18962249,-0.13999616,0.042950816,-0.02476373,0.10994134,-0.06785796,0.056105003,0.024805997,0.10157934,0.029269531,-0.095462926,0.34649828,-0.05580247,-0.117965944,0.19187939,-0.29863235,-0.35891217,0.17423345,0.12856737,-0.07526165,-1.1614019,-0.19478673,-0.32440954,0.29851767,0.060620863,-0.2713235,0.28548735,-0.03952835,-0.08496577,0.08627849,-0.18770713,0.06928581,-0.042589113,0.47246864,0.07354723,0.0068920534,0.026795268,0.022384072,-0.15733133,0.04787471,-0.0013535086,0.4656335,-0.01443743,-0.96898335,0.035780556,-0.15611477,-0.19541149,0.82042915,0.008250224,0.049395636,-0.012446686,-0.094806954,0.1483506,-0.3725648,-0.0005623368,-0.15654519,-0.184962,-0.010880778,-0.038485367
-0.19225594,0.072852395,0.39630318,0.13805898,-0.14020637,-0.2558669,-0.1672825,0.021200992,0.313771,-0.13465133,0.24186137,0.0034173813,0.20725916,-0.23061402,-0.2012799,0.31446353,0.6119947,0.014241769,-0.15080515,-0.37504858,-0.1238883,-0.054145727,0.048868127,-0.11793471,-0.030800687,-0.65017307,-0.066354305,0.1213908,0.053142168,0.26099423,0.07219163,0.25234723,0.06136503,-0.14422671,0.22961158,-0.090542614,-0.17353715,0.08908176,-0.87720495,-0.29821917,0.14727679,-0.01390286,-0.0852617,-0.017262304,-0.34018004,0.14109619,0.26651055,-0.24118264,0.063059844,-0.0072210473,-0.14018099,-0.23019321,0.20260581,0.3600174,-0.16272365,0.11786254,0.110389404,-0.018852863,-0.06432873,0.21240854,-0.09267855,0.06162444,-0.20380314,0.13745041,-0.0626691,-0.120239176,-0.17091247,-0.15180895,0.15468776,0.19738528,-0.046437737,-0.15442197,-0.019079112,0.06471229,0.030331746,0.0890865,0.16678995,0.008579261,0.17486304,0.05507132,0.15162231,0.075767145,0.0027572275,-0.074485295,0.31645188,0.3618976,0.13521709,-0.14510487,-0.01684778,0.6253982,0.0073156613,0.30591297,-0.010464212,0.05114417,0.16321999,0.098510675,0.030774571,0.033713467,-0.1804777,0.09437919,-0.14947815,-0.078053914,-0.30030006,-0.21495908,-0.08420282,-0.008735245,0.0016273056,0.05007335,0.057950046,0.10826613,0.12855448,0.16046853,0.07285933,0.08900091,0.005800246,-0.15989889,-0.39807332,0.31208676,0.03941612,0.104909934,-0.0062842234,0.09545894,0.27486452,0.044526286,0.13400888,-0.045714468,0.1578913,-0.17180885
-0.011024834,-0.12430206,0.07843984,0.01686535,-0.060150765,0.020991769,-0.07691263,-0.026094515,-0.041000277,-0.07307017,-0.27728993,0.08761132,0.1455466,-0.13611577,-0.06411343,0.017572569,-0.020307597,0.030592155,0.14028949,-0.4702013,-0.025972687,-0.28921118,-0.17332415,-0.010656459,0.08441282,-0.24685375,-0.030537184,0.03409692,-0.07455361,-0.06886287,-0.09674243,-0.2122097,-0.039760873,-0.09550063,0.28818178,-0.13439888,-0.25031254,-0.19057868,-0.5192144,-0.054115944,-0.09007041,0.18813169,0.039130926,0.18834199,-0.2875905,0.122994445,0.037541214,-0.073264815,0.43742752,0.04270172,-0.2155136,0.05177299,0.033691622,0.34029856,-0.021535499,-0.24839652,0.073525816,0.057496823,-0.15324102,-0.2070864,0.07400645,0.04677672,-0.054723974,-0.005991455,0.033729143,0.014833416,0.4790892,-0.15829846,0.08757264,-0.16512857,0.030008256,-0.021169376,-0.057607856,-0.09391689,-0.0091384975,-0.04754511,0.050340027,0.04050026,-0.08132343,0.15952052,-0.7527628,0.06816011,-0.06411693,0.052612767,0.06584252,0.33757612,-0.056263234,-0.08306636,0.13362354,0.5195131,-0.1298932,0.124032974,-0.13010144,-0.09719604,0.088842474,-0.30386263,-0.022607608,0.03992768,-0.004872882,0.023820475,-0.11955154,-0.13068971,-0.2863543,0.06854874,-0.091928706,-0.075445905,-0.25221542,0.3861448,0.33556613,0.013471834,-0.5610435,-0.116648704,0.42247194,-0.0078507215,0.2920688,0.037010074,-0.4037983,-0.22564597,0.1270782,0.08713614,-0.12119128,-0.15435684,0.09569298,-0.29820025,-0.030877702,0.15094331,0.09789919,0.033870254
0.10518981,-0.14741726,0.37685055,-0.00073543674,-0.02053278,-0.25765154,-0.020629516,0.020397605,-0.057156358,0.04000975,0.16759834,0.09242874,0.0884611,-0.20116149,-0.040274724,-0.026814057,0.5241554,-0.031939637,-0.09335152,-0.41948822,-0.12192089,-0.116514735,-0.035621803,-0.019673817,0.02788315,-0.56576616,0.07469034,-0.16040854,0.036284294,0.2401748,-0.08219067,-0.054230552,0.0091413995,-0.11823278,0.1672769,-0.23271784,-0.1516248,-0.30316177,-0.7434478,-0.081349656,0.029032135,0.16298534,0.09229258,0.09012272,-0.32898718,-0.026399076,0.19899659,-0.013028468,0.1623155,0.22658353,-0.07586889,-0.028270429,0.13164179,0.47555465,0.18028837,-0.05169335,0.1357451,0.31429398,-0.03202612,-0.12210521,0.12811942,0.02786499,0.0929741,-0.045717105,0.093819275,0.011835216,-0.021406898,0.0071430057,0.07712204,-0.15871926,0.14188766,0.105498105,-0.0151114445,-0.07643466,-0.009035826,-0.11382841,0.054955885,0.04891553,0.12796988,0.06241482,-0.2843308,0.15211965,-0.10851283,-0.35030895,0.30869752,0.25098467,0.03886208,0.1082657,0.12703173,0.5036642,0.06273455,0.0041252202,-0.016281955,0.09357801,0.18264607,-0.06487257,-0.034532215,-0.26130947,-0.34952608,0.0022711304,0.0474399,-0.026822736,-0.42588505,0.053737666,0.030676208,0.058811575,-0.16384523,-0.04169727,0.1900249,-0.091009736,-0.30143774,-0.034364212,0.16717227,0.015294004,0.12477958,0.12608323,-0.4483333,0.015612596,-0.09754383,0.14234471,0.17840874,-0.11563093,0.057742614,-0.17775945,-0.010203015,-0.014419599,0.12827584,0.014803955
0.06014804,-0.033441745,0.5195048,0.016723752,0.21681894,-0.26739284,-0.15465006,-0.0579946,0.10567596,0.007374295,-0.10678493,-0.25115395,0.036801137,-0.13430524,-0.0024084898,0.31814924,0.42240942,-0.09522124,-0.09710165,0.09038639,0.060506817,0.123792015,0.013421303,-0.05662465,0.0853412,-0.17061007,0.035388075,-0.12047943,-0.061212037,0.091995254,0.068586245,0.20809406,0.06920346,0.038839135,-0.057530455,0.1854171,-0.102938175,0.08753827,-0.17415783,0.05468234,-0.18644312,-0.30197135,-0.14746213,-0.18421598,0.2607749,0.11164003,-0.058591675,-0.017477533,-0.45507327,0.0019834577,0.45324522,0.014861413,0.31659877,0.0063465037,0.0017907,0.31106544,0.09849621,0.0123067675,-0.0026594806,0.16254216,0.067311905,-0.19740878,0.040236223,0.11221381,-0.0007620008,-0.08236534,-0.5351373,0.06630321,-0.14068785,0.0999995,-0.07951279,-0.0080650635,-0.106525704,-0.0070472662,-0.030090341,0.018042374,-0.10796273,-0.096398,-0.11472815,0.12750608,0.5726865,0.14568228,0.14290464,-0.3178516,0.12675418,0.05401435,-0.14543729,0.032216076,-0.04226535,-0.13613412,-0.06741904,-0.15818575,0.07092598,0.27029172,-0.14053853,0.3073437,-0.16551565,-0.09764064,-0.11559203,0.17065048,-0.105428986,0.10627498,0.05958116,-0.071474,0.037859973,0.26040342,0.28976998,-0.18062514,-0.21603368,-0.08988278,0.4564933,-0.18315476,-0.23342817,-0.05927047,0.020328121,0.09404184,-0.06625787,0.23927264,-0.16813858,0.10036516,-0.0053101997,0.23534378,-0.21523856,0.11985495,0.0931162,-0.07341742,-0.026318463,-0.023421071
0.030016802,0.16160877,-0.345431,0.029741177,0.12747255,0.1078373,0.16351214,-0.037795767,0.18583034,0.20018372,-0.075457744,0.3604684,-0.23368435,0.015099485,-0.15910065,-0.18629064,-0.2937662,0.11298731,-0.11933425,0.03569581,0.0046856147,-0.1670724,-0.042065267,0.06824979,0.035543453,0.18578918,-0.10978746,-0.18843393,0.09088634,0.03437355,0.05375053,-0.0026332703,-0.24533018,0.13496494,-0.25489914,0.096399285,0.07448399,-0.07208067,0.03804363,-0.13210268,-0.075024456,0.05610248,-0.0084745325,0.17930686,-0.1777927,-0.080728255,0.0767059,-0.01859462,0.3793949,-0.04813201,-0.20332205,0.140481,-0.28694373,0.02464725,0.0269319,-0.22999711,-0.04104818,-0.17024086,-0.024864936,-0.0362513,-0.04562468,-0.0707003,-0.15164728,-0.15959023,0.016093388,0.22840384,0.15026069,-0.010336662,-0.05830711,-0.29761857,0.11078357,-0.038352296,-0.1150524,-0.08081251,-0.083696924,0.0087584965,0.011680195,0.055582765,-0.07978993,0.0022937446,-0.65534276,0.07524248,-0.19867414,0.20350796,-0.1303503,0.24368836,0.21226089,-0.01949499,-0.024082072,0.23461096,-0.015617077,0.03537659,-0.18290289,-0.38778454,0.1196765,-0.1948928,-0.20092441,0.012501431,-0.14321512,0.13965966,0.08459488,0.023933927,0.105626255,-0.16655175,-0.07355568,-0.07104197,-0.21943942,-0.044548336,0.30315435,0.025953937,-0.4609283,0.054089505,0.3476391,-0.17077664,0.0983455,-0.17021327,0.07148009,-0.095819384,0.101742916,0.18009503,-0.123145975,-0.29251507,0.06417653,-0.24489124,0.04788017,-0.25262228,-0.016070735,0.053753003
-0.014987798,0.030375611,0.7234743,0.019376563,0.19086845,-0.0079950765,0.015225424,-0.09979338,0.16932863,-0.10260302,-0.0019284965,-0.22683986,-0.10753717,-0.14978121,0.316475,0.26961344,0.61865324,-0.048906874,-0.2983492,0.1876016,-0.022701515,0.43635863,0.049814742,-0.20639089,-0.00448351,-0.28545845,-0.18912585,0.050537832,0.104394145,0.08938121,0.10947486,0.13732637,0.10577941,-0.12985559,0.062108234,0.011278441,0.035649862,0.19986404,-0.3292734,-0.10282905,-0.02179304,-0.3296116,0.16470402,-0.0010509404,0.034693744,-0.03989161,0.12722844,0.020878715,-0.83372426,0.2121751,0.33354685,-0.06752267,0.27827755,0.13871828,0.1111969,0.058702845,-0.14225778,0.049238972,0.102380395,-0.035946943,-0.075955614,0.059356757,-0.11288832,0.23293331,-0.0074653625,-0.25143984,-0.36006972,-0.024744013,-0.052255064,0.17634374,-0.23503004,-0.06475317,-0.10504807,0.0059243836,-0.0681177,-0.006551238,-0.018580956,-0.07052455,-0.20472148,-0.012687718,0.7024328,-0.00584121,0.09105602,-0.3483526,0.27743596,-0.2580604,-0.047472663,0.05438771,-0.055308774,-0.16478568,0.11665256,0.15988943,-0.028278444,0.12086032,-0.08216468,0.3448061,-0.35218138,0.08577764,-0.2139828,0.11460758,-0.034723837,0.24317415,-0.2012519,0.03481622,0.049908616,-0.04503876,0.23717554,-0.11269318,-0.2428618,-0.10885555,0.3881549,0.02127688,-0.385839,0.1288539,-0.040657293,0.2753217,-0.1150155,0.24097355,-0.14095084,-0.022019198,0.22363819,0.07498247,-0.03419411,0.41024926,-0.0051355315,-0.07539671,0.039108355,0.011712959
0.14836752,-0.24379769,0.525463,0.049880315,0.19868928,-0.22515656,-0.09353124,0.036933232,0.22174712,0.04557454,-0.022878792,-0.006648332,-0.19899428,-0.2379253,0.04051728,0.3149818,0.7463727,0.078243546,-0.27985576,-0.30663043,-0.35802928,-0.13077511,0.07588655,-0.026651481,-0.051806964,-0.8562592,-0.21807277,-0.1700559,0.113664806,0.13036759,-0.06957153,0.07874643,0.016598677,-0.1215098,0.21889801,-0.16376124,-0.24045375,-0.00018354089,-1.1088043,-0.18560264,0.06965967,-0.06849273,-0.000878406,-0.04603855,-0.22331387,-0.054862786,0.29319382,-0.011435478,-0.0020802717,-0.1357136,-0.042160768,-0.124856524,0.17078626,0.44351873,-0.016586956,0.07580333,-0.101650216,-0.08469852,-0.0926178,0.022847502,-0.23253526,0.29438668,-0.017522832,0.11900166,-0.0599746,-0.17486718,-0.2319093,0.018531684,-0.0013250215,0.05877323,-0.09567762,-0.02802376,-0.13396233,-0.09286365,-0.060227074,0.090768196,-0.18534055,-0.13382593,-0.0020261793,0.1397434,0.101840146,0.12293279,0.11584562,-0.25114885,0.44432476,0.12922637,-0.07729429,0.035293676,0.012684135,0.59275407,0.075190715,0.3340207,-0.105489634,0.21358383,0.14079848,0.041198898,-0.1532501,-0.06686506,-0.1788393,0.14983249,-0.060330044,0.108378954,-0.43399325,-0.07208883,-0.039588545,0.090755336,0.06984121,0.020395959,0.08997231,-0.017112343,-0.038497694,0.18165408,0.41134897,0.013469267,-0.056255516,0.02227782,-0.47256663,0.19302909,0.10752538,0.006595214,0.21302259,-0.1337278,0.09997776,-0.2078157,-0.043160245,0.05456331,0.15107508,0.029898684
0.017030234,0.30781034,-0.84348416,0.0923955,-0.2469669,0.23225102,0.016369253,0.06890619,0.0045500593,0.13032226,-0.013819731,0.1421778,-0.22754867,0.3478588,0.35662493,-0.3967655,-1.0537604,-0.03029422,0.3722973,0.36677498,0.50053775,0.20782718,0.06285142,-0.00087681814,-0.043873586,1.2562548,0.093921244,0.09656187,-0.055319935,-0.31304356,0.032858625,-0.24066992,-0.0053474945,0.14800388,-0.3964498,0.27777866,0.34413227,0.32521698,1.2380329,-0.06730253,-0.12510721,-0.01094328,-0.23289357,-0.07774322,0.5480527,-0.08372904,-0.18270057,0.13068654,-0.32414424,-0.11381133,-0.08414023,0.0894184,-0.48838687,-0.49209526,0.26919514,-0.007829914,-0.18727878,0.0742247,-0.29960188,-0.054350965,-0.013046105,-0.27591327,0.19577828,-0.36883956,0.14067401,0.16053246,0.23596147,0.1520199,-0.06765304,-0.38395613,-0.20297049,-0.00573497,0.23753276,0.08871647,-0.0075662853,0.16526566,0.1995758,-0.14461508,-0.12355933,-0.12278002,-0.07171351,-0.081368834,0.10346454,0.4293778,-0.60575235,-0.3347611,-0.07461844,0.018978026,0.27443632,-1.2709042,0.0317355,-0.123729356,-0.097587876,-0.12621705,-0.2407863,-0.0024843886,0.0051450944,-0.16694334,0.488552,-0.17827411,0.089656316,-0.2980185,0.63293654,0.18425713,0.0649124,0.04533182,-0.16042732,0.054965463,-0.051199,0.06451109,0.17654912,0.01877279,-0.7715185,0.07397678,-0.25134265,-0.52313274,0.6136542,-0.32654107,0.19605011,0.22620983,0.044765424,0.18528843,-0.35009646,-0.1356648,-0.121628314,-0.34884664,-0.093950085,0.2289763
0.049791917,0.17340846,0.7647914,-0.10617834,0.048513193,-0.1675763,-0.13541067,-0.052130934,0.12032466,0.05883525,-0.09531179,-0.01617943,0.012803539,-0.1396437,-0.11538226,0.2787002,0.748226,0.030833378,-0.15233126,-0.12864462,-0.23465249,-0.048836853,-0.06126964,-0.10952693,-0.08481433,-0.6449978,-0.08377875,-0.030607382,-0.012406176,0.14956124,-0.0051460676,0.24955307,-0.044674102,-0.05719638,0.19199073,-0.093772985,-0.14342603,0.04024119,-0.9330669,-0.11466243,0.117034934,-0.1499948,0.10617487,-0.048465397,-0.23751593,0.27244854,0.15218501,-0.20549254,-0.15502447,-0.059398394,0.07444815,0.040399447,0.25150302,0.38029996,-0.13916564,0.024411662,0.04540605,-0.15169284,0.053681288,-0.019152116,-0.10172865,0.04854782,-0.21397029,0.10585334,0.1973272,-0.10717797,-0.21783695,0.056354303,0.06764281,0.067111894,0.09315102,0.08330236,0.14656538,0.0009072814,-0.051631335,-0.11067514,-0.06052651,0.10683552,0.24046816,-0.0379172,0.28393707,0.097122796,0.020932257,-0.23866026,0.11394931,-0.034705598,-0.11909409,0.20160635,0.00012278305,0.40823767,-0.0037692715,0.31430143,0.0054762946,0.14108413,0.15811425,0.31118685,-0.012581844,0.35048035,-0.42860007,-0.026750538,0.12893744,0.042657427,-0.11288002,-0.10034918,-0.1422805,0.14172114,0.256655,0.15940218,-0.06931512,0.06846422,0.06992475,-0.077561274,0.06565694,0.043463774,-0.12800434,0.40398547,-0.17093854,0.36310554,0.11763644,-0.11397077,0.21008147,-0.14119676,-0.0990518,0.014358732,0.26189741,0.16753295,0.03868192,-0.089448415
-0.043257043,-0.03467793,0.063494645,0.109504685,-0.048616517,-0.15238918,0.06652569,-0.031835727,0.086319156,0.046344843,0.038068317,0.20889987,0.12100644,-0.12072133,0.055057216,-0.22674978,0.2527714,0.009849356,-0.14030981,-0.43886188,-0.3718046,-0.3311542,-0.19146238,0.08427429,0.04789334,-0.19891782,0.04289348,0.061158594,0.07779784,0.21281503,-0.06931527,-0.08259694,-0.27169302,-0.016808234,0.1818583,0.050338816,0.008153887,-0.10132962,-0.34214807,-0.045650303,0.02827409,0.32256967,0.12166502,0.09613028,-0.3988229,-0.013653212,0.26727772,-0.019126121,0.4239345,-0.086184606,-0.354505,0.014328262,-0.08844597,0.27398834,-0.19416219,-0.18329741,0.07018843,0.0633722,-0.061040025,-0.015429101,-0.1451087,0.11077601,-0.2289574,-0.061547533,0.04423509,0.1712449,0.2827853,-0.24398045,0.2601757,0.03405482,-0.0895596,-0.07256457,-0.11162594,-0.10738085,-0.04257737,0.09575906,0.056009524,-0.0077686105,0.17424236,0.15993692,-0.57492596,0.07183476,0.055894196,0.04989322,0.363772,0.36398038,-0.042164,-0.22614203,0.0663084,0.31719926,-0.03717656,0.17984667,0.070757225,-0.15195261,0.02519101,-0.18004729,0.119532235,-0.028121503,-0.25116432,-0.007043236,0.24244349,0.039502643,-0.2811448,-0.09482424,-0.11163418,-0.20538321,-0.081161164,0.08659269,0.052480552,-0.2670878,-0.33646318,-0.04783739,0.37315586,0.03720069,0.17000332,0.08290899,-0.29252726,-0.10997492,0.12985595,0.11266724,-0.21061788,-0.019334858,0.006293588,-0.14406504,-0.05637699,0.09006122,0.013130234,0.07758711
0.036606245,-0.01718317,-0.419385,0.028050719,0.05926018,0.12395488,-0.18760225,-0.36604807,-0.07287106,-0.044476796,0.1615471,0.1141155,0.04255139,0.095094904,-0.06142243,-0.17156391,-0.41007167,-0.052586958,-0.09733011,0.45252293,0.24133942,0.2909773,-0.018330518,0.001783973,0.18356085,0.92443365,-0.0822565,0.08221844,0.14404017,-0.23925145,0.02509899,0.121136375,-0.100525275,-0.0042546587,-0.09841363,0.150897,0.25452566,0.1502058,0.9956758,-0.06344378,-0.10970603,0.0056855096,-0.28438526,-0.08807719,0.4517755,0.19655141,-0.3323325,0.069722764,-0.6922506,0.12879299,-0.03948667,-0.011819151,-0.2085844,-0.59888506,0.23943561,0.13695492,-0.096745506,-0.08227089,0.112882406,0.08716813,0.1151726,-0.24924093,-0.017047806,-0.0632836,0.15237023,0.08955779,-0.10959957,0.010232886,-0.0018333312,-0.09264753,-0.041402284,-0.046904583,0.040711213,0.1175643,0.0324261,-0.00606946,-0.14294194,-0.08384647,0.0593471,-0.11873787,0.37108645,-0.21511063,-0.16538127,0.28180414,-0.17270125,-0.3384134,0.063692115,0.07444242,0.06606297,-0.831887,-0.072527714,-0.25642377,0.011296057,-0.090911224,0.02120194,0.1350721,0.14107506,0.034103002,0.41741416,-0.30125305,0.20127568,0.09674716,0.3842574,-0.08415269,0.012222943,-0.04736659,-0.24726139,-0.10682381,-0.014870209,-0.17470796,0.53911936,0.14527039,-0.5691702,-0.024934955,-0.02321253,-0.24181747,0.67645943,-0.40438235,0.028771522,-0.060058966,0.010201538,0.4024273,-0.1367851,-0.23778298,-0.19337174,-0.016891873,-0.10307186,0.07100451
